{
	"info": {
		"_postman_id": "352e7b9d-9dcf-4c63-9fc2-4f8878b92b50",
		"name": "REST API FILMS Post",
		"description": "# 🚀 Get started here\n\nThis template guides you through CRUD operations (GET, POST, PUT, DELETE), variables, and tests.\n\n## 🔖 **How to use this template**\n\n#### **Step 1: Send requests**\n\nRESTful APIs allow you to perform CRUD operations using the POST, GET, PUT, and DELETE HTTP methods.\n\nThis collection contains each of these [request](https://learning.postman.com/docs/sending-requests/requests/) types. Open each request and click \"Send\" to see what happens.\n\n#### **Step 2: View responses**\n\nObserve the response tab for status code (200 OK), response time, and size.\n\n#### **Step 3: Send new Body data**\n\nUpdate or add new data in \"Body\" in the POST request. Typically, Body data is also used in PUT request.\n\n```\n{\n    \"name\": \"Add your name in the body\"\n}\n\n ```\n\n#### **Step 4: Update the variable**\n\nVariables enable you to store and reuse values in Postman. We have created a [variable](https://learning.postman.com/docs/sending-requests/variables/) called `base_url` with the sample request [https://postman-api-learner.glitch.me](https://postman-api-learner.glitch.me). Replace it with your API endpoint to customize this collection.\n\n#### **Step 5: Add tests in the \"Tests\" tab**\n\nTests help you confirm that your API is working as expected. You can write test scripts in JavaScript and view the output in the \"Test Results\" tab.\n\n<img src=\"https://content.pstmn.io/b5f280a7-4b09-48ec-857f-0a7ed99d7ef8/U2NyZWVuc2hvdCAyMDIzLTAzLTI3IGF0IDkuNDcuMjggUE0ucG5n\">\n\n## 💪 Pro tips\n\n- Use folders to group related requests and organize the collection.\n- Add more [scripts](https://learning.postman.com/docs/writing-scripts/intro-to-scripts/) in \"Tests\" to verify if the API works as expected and execute workflows.\n    \n\n## 💡Related templates\n\n[API testing basics](https://go.postman.co/redirect/workspace?type=personal&collectionTemplateId=e9a37a28-055b-49cd-8c7e-97494a21eb54&sourceTemplateId=ddb19591-3097-41cf-82af-c84273e56719)  \n[API documentation](https://go.postman.co/redirect/workspace?type=personal&collectionTemplateId=e9c28f47-1253-44af-a2f3-20dce4da1f18&sourceTemplateId=ddb19591-3097-41cf-82af-c84273e56719)  \n[Authorization methods](https://go.postman.co/redirect/workspace?type=personal&collectionTemplateId=31a9a6ed-4cdf-4ced-984c-d12c9aec1c27&sourceTemplateId=ddb19591-3097-41cf-82af-c84273e56719)",
		"schema": "https://schema.getpostman.com/json/collection/v2.1.0/collection.json",
		"_exporter_id": "33315616"
	},
	"item": [
		{
			"name": "/allPosts",
			"request": {
				"method": "GET",
				"header": [
					{
						"key": "Authorization",
						"value": "aff6598f-593f-4d4a-99b7-722d05b1f380",
						"uuid": "2c5344cd-ceb4-4537-97c3-28a1350ef979"
					}
				],
				"url": {
					"raw": "https://localhost:8443/api/posts/allPosts",
					"protocol": "https",
					"host": [
						"localhost"
					],
					"port": "8443",
					"path": [
						"api",
						"posts",
						"allPosts"
					]
				}
			},
			"response": []
		},
		{
			"name": "/newPost",
			"request": {
				"method": "POST",
				"header": [
					{
						"key": "Authorization",
						"value": "aff6598f-593f-4d4a-99b7-722d05b1f380",
						"uuid": "fc367c93-2a37-4ca8-8690-77725d1c96fe"
					}
				],
				"body": {
					"mode": "formdata",
					"formdata": [
						{
							"key": "image",
							"type": "file",
							"src": []
						},
						{
							"key": "title",
							"value": "Test2",
							"type": "text"
						},
						{
							"key": "text",
							"value": "<b>Esto</b> es un <img src=x onerror=alert()> test",
							"type": "text"
						},
						{
							"key": "username",
							"value": "user1",
							"type": "text"
						}
					]
				},
				"url": {
					"raw": "https://localhost:8443/api/posts/newPost",
					"protocol": "https",
					"host": [
						"localhost"
					],
					"port": "8443",
					"path": [
						"api",
						"posts",
						"newPost"
					]
				}
			},
			"response": []
		},
		{
			"name": "/{id} showPost",
			"request": {
				"method": "GET",
				"header": [
					{
						"key": "Authorization",
						"value": "aff6598f-593f-4d4a-99b7-722d05b1f380",
						"uuid": "9a53cf87-dd67-4072-b227-690b739f0065"
					}
				],
				"url": {
					"raw": "https://localhost:8443/api/posts/1",
					"protocol": "https",
					"host": [
						"localhost"
					],
					"port": "8443",
					"path": [
						"api",
						"posts",
						"1"
					]
				}
			},
			"response": []
		},
		{
			"name": "/{id} deletePost",
			"request": {
				"method": "DELETE",
				"header": [
					{
						"key": "Authorization",
						"value": "aff6598f-593f-4d4a-99b7-722d05b1f380",
						"uuid": "243f6e48-398b-4719-b5ec-6e8bdfc487bc"
					}
				],
				"url": {
					"raw": "https://localhost:8443/api/posts/102?username=user1",
					"protocol": "https",
					"host": [
						"localhost"
					],
					"port": "8443",
					"path": [
						"api",
						"posts",
						"102"
					],
					"query": [
						{
							"key": "username",
							"value": "user1"
						}
					]
				}
			},
			"response": []
		},
		{
			"name": "/{id} editPost",
			"request": {
				"method": "PUT",
				"header": [
					{
						"key": "Authorization",
						"value": "8771594c-0fcf-4be7-ba20-075d84f0f6b3",
						"uuid": "a7f1e861-bc7d-4e6f-817b-be57c71b6141"
					}
				],
				"body": {
					"mode": "formdata",
					"formdata": [
						{
							"key": "image",
							"type": "file",
							"src": []
						},
						{
							"key": "title",
							"value": "LO CONSEGUI PERRAS",
							"type": "text"
						},
						{
							"key": "text",
							"value": "alert('XSS')",
							"type": "text"
						}
					]
				},
				"url": {
					"raw": "https://localhost:8443/api/posts/5852?username=user1",
					"protocol": "https",
					"host": [
						"localhost"
					],
					"port": "8443",
					"path": [
						"api",
						"posts",
						"5852"
					],
					"query": [
						{
							"key": "username",
							"value": "user1"
						}
					]
				}
			},
			"response": []
		}
	],
	"event": [
		{
			"listen": "prerequest",
			"script": {
				"type": "text/javascript",
				"exec": [
					""
				]
			}
		},
		{
			"listen": "test",
			"script": {
				"type": "text/javascript",
				"exec": [
					""
				]
			}
		}
	],
	"variable": [
		{
			"key": "id",
			"value": "1"
		},
		{
			"key": "base_url",
			"value": "https://postman-rest-api-learner.glitch.me/"
		}
	]
}