{
	"info": {
		"_postman_id": "c9d4eced-f0b7-4866-9797-4f7a8cc30b22",
		"name": "REST API FILMS Trailer",
		"schema": "https://schema.getpostman.com/json/collection/v2.1.0/collection.json",
		"_exporter_id": "33475572"
	},
	"item": [
		{
			"name": "/api/index",
			"request": {
				"method": "GET",
				"header": [],
				"url": {
					"raw": "http://localhost:8080/api/index",
					"protocol": "http",
					"host": [
						"localhost"
					],
					"port": "8080",
					"path": [
						"api",
						"index"
					]
				}
			},
			"response": []
		},
		{
			"name": "/api/upload",
			"request": {
				"method": "POST",
				"header": [],
				"body": {
					"mode": "formdata",
					"formdata": [
						{
							"key": "file",
							"type": "file",
							"src": "/C:/Users/PipBo/Desktop/dws/Test/CashBackTrailer.mp4"
						},
						{
							"key": "title",
							"value": "Venom",
							"type": "text"
						},
						{
							"key": "description",
							"value": "A failed reporter is bonded to an alien entity, one of many symbiotes who have invaded Earth. But the being takes a liking to Earth and decides to protect it.",
							"type": "text"
						}
					]
				},
				"url": {
					"raw": "http://localhost:8080/api/upload?username=admin",
					"protocol": "http",
					"host": [
						"localhost"
					],
					"port": "8080",
					"path": [
						"api",
						"upload"
					],
					"query": [
						{
							"key": "username",
							"value": "admin"
						}
					]
				}
			},
			"response": []
		},
		{
			"name": "/api/index",
			"request": {
				"method": "DELETE",
				"header": [],
				"body": {
					"mode": "formdata",
					"formdata": []
				},
				"url": {
					"raw": "http://localhost:8080/api/index?trailerId=1&username=admin",
					"protocol": "http",
					"host": [
						"localhost"
					],
					"port": "8080",
					"path": [
						"api",
						"index"
					],
					"query": [
						{
							"key": "trailerId",
							"value": "1"
						},
						{
							"key": "username",
							"value": "admin"
						}
					]
				}
			},
			"response": []
		},
		{
			"name": "/api/upload/{id}",
			"request": {
				"method": "GET",
				"header": [],
				"url": {
					"raw": "http://localhost:8080/api/uploads/1903",
					"protocol": "http",
					"host": [
						"localhost"
					],
					"port": "8080",
					"path": [
						"api",
						"uploads",
						"1903"
					]
				}
			},
			"response": []
		}
	]
}