{
	"info": {
		"_postman_id": "b6e5db07-3d91-43f3-bcbb-6157be3ad7e3",
		"name": "REST API FILMS Trailer",
		"schema": "https://schema.getpostman.com/json/collection/v2.1.0/collection.json",
		"_exporter_id": "33475572"
	},
	"item": [
		{
			"name": "/api/index",
			"protocolProfileBehavior": {
				"disableBodyPruning": true
			},
			"request": {
				"method": "GET",
				"header": [
					{
						"key": "Authorization",
						"value": "aff6598f-593f-4d4a-99b7-722d05b1f380",
						"uuid": "f37e69cb-e64a-4aeb-ae86-7a2225dbce42"
					}
				],
				"body": {
					"mode": "formdata",
					"formdata": []
				},
				"url": {
					"raw": "https://localhost:8443/api/index",
					"protocol": "https",
					"host": [
						"localhost"
					],
					"port": "8443",
					"path": [
						"api",
						"index"
					]
				}
			},
			"response": []
		},
		{
			"name": "/api/upload",
			"request": {
				"method": "POST",
				"header": [
					{
						"key": "Authorization",
						"value": "56e1fe58-a09e-441c-b0a3-43382f5e40e8",
						"uuid": "8071cf01-86e3-4084-98e4-68410c5c1ee1"
					}
				],
				"body": {
					"mode": "formdata",
					"formdata": [
						{
							"key": "file",
							"type": "file",
							"src": "/C:/Users/itsve/Downloads/CHALLENGERSFinalTrailer1080p.mp4"
						},
						{
							"key": "title",
							"value": "Venom",
							"type": "text"
						},
						{
							"key": "description",
							"value": "A failed reporter is bonded to an alien entity, one of many symbiotes who have invaded Earth. But the being takes a liking to Earth and decides to protect it.",
							"type": "text"
						}
					]
				},
				"url": {
					"raw": "https://localhost:8443/api/upload?username=admin",
					"protocol": "https",
					"host": [
						"localhost"
					],
					"port": "8443",
					"path": [
						"api",
						"upload"
					],
					"query": [
						{
							"key": "username",
							"value": "admin"
						}
					]
				}
			},
			"response": []
		},
		{
			"name": "/api/index",
			"request": {
				"method": "DELETE",
				"header": [
					{
						"key": "Authorization",
						"value": "56e1fe58-a09e-441c-b0a3-43382f5e40e8",
						"uuid": "fdebe9a4-9ed1-459d-b90f-f448093b429c"
					}
				],
				"body": {
					"mode": "formdata",
					"formdata": []
				},
				"url": {
					"raw": "https://localhost:8443/api/index?trailerId=2702&username=admin",
					"protocol": "https",
					"host": [
						"localhost"
					],
					"port": "8443",
					"path": [
						"api",
						"index"
					],
					"query": [
						{
							"key": "trailerId",
							"value": "2702"
						},
						{
							"key": "username",
							"value": "admin"
						}
					]
				}
			},
			"response": []
		},
		{
			"name": "/api/upload/{id}",
			"request": {
				"method": "GET",
				"header": [
					{
						"key": "Authorization",
						"value": "aff6598f-593f-4d4a-99b7-722d05b1f380",
						"uuid": "bd440065-0733-4ccb-8f1e-b9d8e2eb6076"
					}
				],
				"url": {
					"raw": "https://localhost:8443/api/uploads/2652",
					"protocol": "https",
					"host": [
						"localhost"
					],
					"port": "8443",
					"path": [
						"api",
						"uploads",
						"2652"
					]
				}
			},
			"response": []
		}
	]
}