{
	"info": {
		"_postman_id": "6ff3bf80-bc39-4dda-a5c3-ffc20ba5fd78",
		"name": "REST API FILMS Login",
		"schema": "https://schema.getpostman.com/json/collection/v2.1.0/collection.json",
		"_exporter_id": "33315616"
	},
	"item": [
		{
			"name": "/api/auth/login",
			"request": {
				"method": "POST",
				"header": [],
				"body": {
					"mode": "raw",
					"raw": "{\r\n    \"username\": \"user1\",\r\n    \"password\": \"ProyectoDwsUser$1\"\r\n}",
					"options": {
						"raw": {
							"language": "json"
						}
					}
				},
				"url": {
					"raw": "https://localhost:8443/api/auth/login",
					"protocol": "https",
					"host": [
						"localhost"
					],
					"port": "8443",
					"path": [
						"api",
						"auth",
						"login"
					]
				}
			},
			"response": []
		},
		{
			"name": "/api/auth/refresh",
			"request": {
				"method": "POST",
				"header": [],
				"body": {
					"mode": "raw",
					"raw": "{\r\n    \"username\": \"user1\",\r\n    \"password\": \"1\"\r\n}",
					"options": {
						"raw": {
							"language": "json"
						}
					}
				},
				"url": {
					"raw": "https://localhost:8443/api/auth/refresh",
					"protocol": "https",
					"host": [
						"localhost"
					],
					"port": "8443",
					"path": [
						"api",
						"auth",
						"refresh"
					]
				}
			},
			"response": []
		},
		{
			"name": "/api/auth/logout",
			"request": {
				"method": "POST",
				"header": [],
				"body": {
					"mode": "raw",
					"raw": "",
					"options": {
						"raw": {
							"language": "json"
						}
					}
				},
				"url": {
					"raw": "https://localhost:8443/api/auth/logout",
					"protocol": "https",
					"host": [
						"localhost"
					],
					"port": "8443",
					"path": [
						"api",
						"auth",
						"logout"
					]
				}
			},
			"response": []
		},
		{
			"name": "/api/auth/register",
			"request": {
				"method": "POST",
				"header": [],
				"body": {
					"mode": "raw",
					"raw": "{\r\n    \"username\": \"test\",\r\n    \"password\": \"test\"\r\n}",
					"options": {
						"raw": {
							"language": "json"
						}
					}
				},
				"url": {
					"raw": "https://localhost:8443/api/auth/register",
					"protocol": "https",
					"host": [
						"localhost"
					],
					"port": "8443",
					"path": [
						"api",
						"auth",
						"register"
					]
				}
			},
			"response": []
		}
	]
}