{
	"info": {
		"_postman_id": "4f5a02fc-2029-49af-ac6c-58991d9e0acb",
		"name": "REST API FILMS Trailer",
		"schema": "https://schema.getpostman.com/json/collection/v2.1.0/collection.json",
		"_exporter_id": "33315616"
	},
	"item": [
		{
			"name": "/api/index",
			"protocolProfileBehavior": {
				"disableBodyPruning": true
			},
			"request": {
				"method": "GET",
				"header": [
					{
						"key": "Authorization",
						"value": "aff6598f-593f-4d4a-99b7-722d05b1f380",
						"uuid": "5def45da-0394-4933-9bb0-09fa99b1ad07"
					}
				],
				"body": {
					"mode": "formdata",
					"formdata": []
				},
				"url": {
					"raw": "https://localhost:8443/api/index",
					"protocol": "https",
					"host": [
						"localhost"
					],
					"port": "8443",
					"path": [
						"api",
						"index"
					]
				}
			},
			"response": []
		},
		{
			"name": "/api/upload",
			"request": {
				"method": "POST",
				"header": [
					{
						"key": "Authorization",
						"value": "56e1fe58-a09e-441c-b0a3-43382f5e40e8",
						"uuid": "93a7cfe7-bc8e-4a3c-a0aa-e843407325b1"
					}
				],
				"body": {
					"mode": "formdata",
					"formdata": [
						{
							"key": "file",
							"type": "file",
							"src": "/C:/Users/itsve/Downloads/CHALLENGERSFinalTrailer1080p.mp4"
						},
						{
							"key": "title",
							"value": "Venom",
							"type": "text"
						},
						{
							"key": "description",
							"value": "A failed reporter is bonded to an alien entity, one of many symbiotes who have invaded Earth. But the being takes a liking to Earth and decides to protect it.",
							"type": "text"
						}
					]
				},
				"url": {
					"raw": "https://localhost:8443/api/upload?username=user1",
					"protocol": "https",
					"host": [
						"localhost"
					],
					"port": "8443",
					"path": [
						"api",
						"upload"
					],
					"query": [
						{
							"key": "username",
							"value": "user1"
						}
					]
				}
			},
			"response": []
		},
		{
			"name": "/api/index",
			"request": {
				"method": "DELETE",
				"header": [
					{
						"key": "Authorization",
						"value": "56e1fe58-a09e-441c-b0a3-43382f5e40e8",
						"uuid": "cc9ffb7d-6a03-4500-8cbb-0bbe90189bb7"
					}
				],
				"body": {
					"mode": "formdata",
					"formdata": []
				},
				"url": {
					"raw": "https://localhost:8443/api/index?trailerId=2702&username=user1",
					"protocol": "https",
					"host": [
						"localhost"
					],
					"port": "8443",
					"path": [
						"api",
						"index"
					],
					"query": [
						{
							"key": "trailerId",
							"value": "2702"
						},
						{
							"key": "username",
							"value": "user1"
						}
					]
				}
			},
			"response": []
		},
		{
			"name": "/api/upload/{id}",
			"request": {
				"method": "GET",
				"header": [
					{
						"key": "Authorization",
						"value": "aff6598f-593f-4d4a-99b7-722d05b1f380",
						"uuid": "ce501ee8-dbd4-452b-bc96-a8eed06b0d9b"
					}
				],
				"url": {
					"raw": "https://localhost:8443/api/uploads/2652",
					"protocol": "https",
					"host": [
						"localhost"
					],
					"port": "8443",
					"path": [
						"api",
						"uploads",
						"2652"
					]
				}
			},
			"response": []
		}
	]
}